"tourney","Division","Round","Team1","Team2","T1P1","T1P2","T2P1","T2P2","t1score","t2score"
"ers26rich","Open Bronze 4.5+","Pool","Rolling Reapers","Donut Holes","Jake Dooley","Will Picone","Andre Reynolds","Henry Cheung",21,13
"ers26rich","Open Bronze 4.5+","Pool","Radical WanKas","Path of Pain","Brock Lodato","Jon Esposo","Noah Elconin","Dylan Noker",21,15
"ers26rich","Open Bronze 4.5+","Pool","Flame of Fire","The Rookies","Jacob Summers","Isaac Haynes","Daniel Porter","Zachary Small",21,15
"ers26rich","Open Bronze 4.5+","Pool","Slurred Speech","Make Sammy Proud","Owen Lippman","Calvin Smith","Josh Esposo","Ryland Holdren",21,16
"ers26rich","Open Bronze 4.5+","Pool","Daddy Daughter","Monkey shirt","Noah Kopetic","Andrew Greer","Soren Brown","Charlie Labarge",21,14
"ers26rich","Open Bronze 4.5+","Pool","Wortman/Santos","Paradox Fan Club","Eli Wortman","Sean Santos","Justin Kehoe","Hampton Chappell",21,13
"ers26rich","Open Bronze 4.5+","Pool","Da Bih Tuh - Rimond Edshun","PBR Dabmeup","Jaxon Gonzalez","Owen Wallace","A.j. Martin","Jacob Arzaga",16,21
"ers26rich","Open Bronze 4.5+","Pool","D1 Girlfriends","Vertigo 😵‍💫","Henry Pleszkoch","Jake Hurst","Austin Niles","Brooks Weeks",21,19
"ers26rich","Open Bronze 4.5+","Pool","Rolling Reapers","Path of Pain","Jake Dooley","Will Picone","Noah Elconin","Dylan Noker",21,13
"ers26rich","Open Bronze 4.5+","Pool","🅱️arley and the 🅱️hocolate 🅱️actory ","Donut Holes","Charlie Cavallaro","Caleb White","Andre Reynolds","Henry Cheung",21,14
"ers26rich","Open Bronze 4.5+","Pool","Flame of Fire","Make Sammy Proud","Jacob Summers","Isaac Haynes","Josh Esposo","Ryland Holdren",21,15
"ers26rich","Open Bronze 4.5+","Pool","Yum Yum Shop","The Rookies","Dalton Gilder","Brandon Stokes","Daniel Porter","Zachary Small",21,13
"ers26rich","Open Bronze 4.5+","Pool","Daddy Daughter","Paradox Fan Club","Noah Kopetic","Andrew Greer","Justin Kehoe","Hampton Chappell",21,12
"ers26rich","Open Bronze 4.5+","Pool","PBR Knicks in 5","Monkey shirt","James Mitchum","Brian Perlson","Soren Brown","Charlie Labarge",16,21
"ers26rich","Open Bronze 4.5+","Pool","Da Bih Tuh - Rimond Edshun","Vertigo 😵‍💫","Jaxon Gonzalez","Owen Wallace","Austin Niles","Brooks Weeks",23,21
"ers26rich","Open Bronze 4.5+","Pool","D1 Girlfriends","PBR Dabmeup","Henry Pleszkoch","Jake Hurst","A.j. Martin","Jacob Arzaga",21,19
"ers26rich","Open Bronze 4.5+","Pool","Rolling Reapers","🅱️arley and the 🅱️hocolate 🅱️actory ","Jake Dooley","Will Picone","Charlie Cavallaro","Caleb White",21,13
"ers26rich","Open Bronze 4.5+","Pool","Radical WanKas","Donut Holes","Brock Lodato","Jon Esposo","Andre Reynolds","Henry Cheung",23,21
"ers26rich","Open Bronze 4.5+","Pool","Flame of Fire","Yum Yum Shop","Jacob Summers","Isaac Haynes","Dalton Gilder","Brandon Stokes",21,9
"ers26rich","Open Bronze 4.5+","Pool","Slurred Speech","The Rookies","Owen Lippman","Calvin Smith","Daniel Porter","Zachary Small",21,8
"ers26rich","Open Bronze 4.5+","Pool","Daddy Daughter","PBR Knicks in 5","Noah Kopetic","Andrew Greer","James Mitchum","Brian Perlson",21,12
"ers26rich","Open Bronze 4.5+","Pool","Wortman/Santos","Monkey shirt","Eli Wortman","Sean Santos","Soren Brown","Charlie Labarge",21,16
"ers26rich","Open Bronze 4.5+","Pool","Da Bih Tuh - Rimond Edshun","D1 Girlfriends","Jaxon Gonzalez","Owen Wallace","Henry Pleszkoch","Jake Hurst",12,21
"ers26rich","Open Bronze 4.5+","Pool","Vertigo 😵‍💫","PBR Dabmeup","Austin Niles","Brooks Weeks","A.j. Martin","Jacob Arzaga",16,21
"ers26rich","Open Bronze 4.5+","Pool","Radical WanKas","🅱️arley and the 🅱️hocolate 🅱️actory ","Brock Lodato","Jon Esposo","Charlie Cavallaro","Caleb White",21,18
"ers26rich","Open Bronze 4.5+","Pool","Path of Pain","Donut Holes","Noah Elconin","Dylan Noker","Andre Reynolds","Henry Cheung",14,21
"ers26rich","Open Bronze 4.5+","Pool","Slurred Speech","Yum Yum Shop","Owen Lippman","Calvin Smith","Dalton Gilder","Brandon Stokes",21,14
"ers26rich","Open Bronze 4.5+","Pool","Make Sammy Proud","The Rookies","Josh Esposo","Ryland Holdren","Daniel Porter","Zachary Small",21,7
"ers26rich","Open Bronze 4.5+","Pool","Wortman/Santos","PBR Knicks in 5","Eli Wortman","Sean Santos","James Mitchum","Brian Perlson",23,21
"ers26rich","Open Bronze 4.5+","Pool","Paradox Fan Club","Monkey shirt","Justin Kehoe","Hampton Chappell","Soren Brown","Charlie Labarge",20,22
"ers26rich","Open Bronze 4.5+","Pool","Rolling Reapers","Radical WanKas","Jake Dooley","Will Picone","Brock Lodato","Jon Esposo",19,21
"ers26rich","Open Bronze 4.5+","Pool","🅱️arley and the 🅱️hocolate 🅱️actory ","Path of Pain","Charlie Cavallaro","Caleb White","Noah Elconin","Dylan Noker",19,21
"ers26rich","Open Bronze 4.5+","Pool","Flame of Fire","Slurred Speech","Jacob Summers","Isaac Haynes","Owen Lippman","Calvin Smith",21,16
"ers26rich","Open Bronze 4.5+","Pool","Yum Yum Shop","Make Sammy Proud","Dalton Gilder","Brandon Stokes","Josh Esposo","Ryland Holdren",21,19
"ers26rich","Open Bronze 4.5+","Pool","Daddy Daughter","Wortman/Santos","Noah Kopetic","Andrew Greer","Eli Wortman","Sean Santos",21,14
"ers26rich","Open Bronze 4.5+","Pool","PBR Knicks in 5","Paradox Fan Club","James Mitchum","Brian Perlson","Justin Kehoe","Hampton Chappell",21,13
"ers26rich","Open Bronze 4.5+","Round of 32","PBR Knicks in 5","The Rookies","James Mitchum","Brian Perlson","Daniel Porter","Zachary Small",0,-1
"ers26rich","Open Bronze 4.5+","Round of 32","Donut Holes","Paradox Fan Club","Andre Reynolds","Henry Cheung","Justin Kehoe","Hampton Chappell",21,14
"ers26rich","Open Bronze 4.5+","Round of 32","Vertigo 😵‍💫","Path of Pain","Austin Niles","Brooks Weeks","Noah Elconin","Dylan Noker",21,14
"ers26rich","Open Bronze 4.5+","Round of 16","Daddy Daughter","Vertigo 😵‍💫","Noah Kopetic","Andrew Greer","Austin Niles","Brooks Weeks",21,14
"ers26rich","Open Bronze 4.5+","Round of 16","Daddy Daughter","Vertigo 😵‍💫","Noah Kopetic","Andrew Greer","Austin Niles","Brooks Weeks",21,19
"ers26rich","Open Bronze 4.5+","Round of 16","Flame of Fire","Donut Holes","Jacob Summers","Isaac Haynes","Andre Reynolds","Henry Cheung",21,9
"ers26rich","Open Bronze 4.5+","Round of 16","Flame of Fire","Donut Holes","Jacob Summers","Isaac Haynes","Andre Reynolds","Henry Cheung",21,10
"ers26rich","Open Bronze 4.5+","Round of 16","D1 Girlfriends","PBR Knicks in 5","Henry Pleszkoch","Jake Hurst","James Mitchum","Brian Perlson",21,16
"ers26rich","Open Bronze 4.5+","Round of 16","D1 Girlfriends","PBR Knicks in 5","Henry Pleszkoch","Jake Hurst","James Mitchum","Brian Perlson",21,11
"ers26rich","Open Bronze 4.5+","Round of 16","Radical WanKas","🅱️arley and the 🅱️hocolate 🅱️actory ","Brock Lodato","Jon Esposo","Charlie Cavallaro","Caleb White",15,21
"ers26rich","Open Bronze 4.5+","Round of 16","Radical WanKas","🅱️arley and the 🅱️hocolate 🅱️actory ","Brock Lodato","Jon Esposo","Charlie Cavallaro","Caleb White",25,23
"ers26rich","Open Bronze 4.5+","Round of 16","Radical WanKas","🅱️arley and the 🅱️hocolate 🅱️actory ","Brock Lodato","Jon Esposo","Charlie Cavallaro","Caleb White",21,18
"ers26rich","Open Bronze 4.5+","Round of 16","Rolling Reapers","Make Sammy Proud","Jake Dooley","Will Picone","Josh Esposo","Ryland Holdren",21,12
"ers26rich","Open Bronze 4.5+","Round of 16","Rolling Reapers","Make Sammy Proud","Jake Dooley","Will Picone","Josh Esposo","Ryland Holdren",21,13
"ers26rich","Open Bronze 4.5+","Round of 16","Slurred Speech","Da Bih Tuh - Rimond Edshun","Owen Lippman","Calvin Smith","Jaxon Gonzalez","Owen Wallace",6,21
"ers26rich","Open Bronze 4.5+","Round of 16","Slurred Speech","Da Bih Tuh - Rimond Edshun","Owen Lippman","Calvin Smith","Jaxon Gonzalez","Owen Wallace",13,21
"ers26rich","Open Bronze 4.5+","Round of 16","PBR Dabmeup","Yum Yum Shop","A.j. Martin","Jacob Arzaga","Dalton Gilder","Brandon Stokes",21,8
"ers26rich","Open Bronze 4.5+","Round of 16","PBR Dabmeup","Yum Yum Shop","A.j. Martin","Jacob Arzaga","Dalton Gilder","Brandon Stokes",21,13
"ers26rich","Open Bronze 4.5+","Round of 16","Wortman/Santos","Monkey shirt","Eli Wortman","Sean Santos","Soren Brown","Charlie Labarge",16,21
"ers26rich","Open Bronze 4.5+","Round of 16","Wortman/Santos","Monkey shirt","Eli Wortman","Sean Santos","Soren Brown","Charlie Labarge",21,16
"ers26rich","Open Bronze 4.5+","Round of 16","Wortman/Santos","Monkey shirt","Eli Wortman","Sean Santos","Soren Brown","Charlie Labarge",21,19
"ers26rich","Open Bronze 4.5+","Quarter-final","Daddy Daughter","Wortman/Santos","Noah Kopetic","Andrew Greer","Eli Wortman","Sean Santos",21,13
"ers26rich","Open Bronze 4.5+","Quarter-final","Daddy Daughter","Wortman/Santos","Noah Kopetic","Andrew Greer","Eli Wortman","Sean Santos",31,16
"ers26rich","Open Bronze 4.5+","Quarter-final","Flame of Fire","PBR Dabmeup","Jacob Summers","Isaac Haynes","A.j. Martin","Jacob Arzaga",21,16
"ers26rich","Open Bronze 4.5+","Quarter-final","Flame of Fire","PBR Dabmeup","Jacob Summers","Isaac Haynes","A.j. Martin","Jacob Arzaga",26,24
"ers26rich","Open Bronze 4.5+","Quarter-final","D1 Girlfriends","Da Bih Tuh - Rimond Edshun","Henry Pleszkoch","Jake Hurst","Jaxon Gonzalez","Owen Wallace",22,24
"ers26rich","Open Bronze 4.5+","Quarter-final","D1 Girlfriends","Da Bih Tuh - Rimond Edshun","Henry Pleszkoch","Jake Hurst","Jaxon Gonzalez","Owen Wallace",9,21
"ers26rich","Open Bronze 4.5+","Quarter-final","Radical WanKas","Rolling Reapers","Brock Lodato","Jon Esposo","Jake Dooley","Will Picone",15,21
"ers26rich","Open Bronze 4.5+","Quarter-final","Radical WanKas","Rolling Reapers","Brock Lodato","Jon Esposo","Jake Dooley","Will Picone",6,21
"ers26rich","Open Bronze 4.5+","P9: Quarter-final","Monkey shirt","Vertigo 😵‍💫","Soren Brown","Charlie Labarge","Austin Niles","Brooks Weeks",5,21
"ers26rich","Open Bronze 4.5+","P9: Quarter-final","Yum Yum Shop","Donut Holes","Dalton Gilder","Brandon Stokes","Andre Reynolds","Henry Cheung",0,1
"ers26rich","Open Bronze 4.5+","P9: Quarter-final","Slurred Speech","PBR Knicks in 5","Owen Lippman","Calvin Smith","James Mitchum","Brian Perlson",11,21
"ers26rich","Open Bronze 4.5+","P9: Quarter-final","Make Sammy Proud","🅱️arley and the 🅱️hocolate 🅱️actory ","Josh Esposo","Ryland Holdren","Charlie Cavallaro","Caleb White",14,21
"ers26rich","Open Bronze 4.5+","Semi-final","Daddy Daughter","Rolling Reapers","Noah Kopetic","Andrew Greer","Jake Dooley","Will Picone",19,21
"ers26rich","Open Bronze 4.5+","Semi-final","Daddy Daughter","Rolling Reapers","Noah Kopetic","Andrew Greer","Jake Dooley","Will Picone",18,21
"ers26rich","Open Bronze 4.5+","Semi-final","Flame of Fire","Da Bih Tuh - Rimond Edshun","Jacob Summers","Isaac Haynes","Jaxon Gonzalez","Owen Wallace",21,19
"ers26rich","Open Bronze 4.5+","Semi-final","Flame of Fire","Da Bih Tuh - Rimond Edshun","Jacob Summers","Isaac Haynes","Jaxon Gonzalez","Owen Wallace",14,21
"ers26rich","Open Bronze 4.5+","Semi-final","Flame of Fire","Da Bih Tuh - Rimond Edshun","Jacob Summers","Isaac Haynes","Jaxon Gonzalez","Owen Wallace",21,13
"ers26rich","Open Bronze 4.5+","P5: Semi-final","Radical WanKas","Wortman/Santos","Brock Lodato","Jon Esposo","Eli Wortman","Sean Santos",0,-1
"ers26rich","Open Bronze 4.5+","P5: Semi-final","D1 Girlfriends","PBR Dabmeup","Henry Pleszkoch","Jake Hurst","A.j. Martin","Jacob Arzaga",21,16
"ers26rich","Open Bronze 4.5+","P9: Semi-final","Vertigo 😵‍💫","🅱️arley and the 🅱️hocolate 🅱️actory ","Austin Niles","Brooks Weeks","Charlie Cavallaro","Caleb White",15,21
"ers26rich","Open Bronze 4.5+","P9: Semi-final","Donut Holes","PBR Knicks in 5","Andre Reynolds","Henry Cheung","James Mitchum","Brian Perlson",0,-1
"ers26rich","Open Bronze 4.5+","P13: Semi-final","Make Sammy Proud","Monkey shirt","Josh Esposo","Ryland Holdren","Soren Brown","Charlie Labarge",21,15
"ers26rich","Open Bronze 4.5+","P13: Semi-final","Slurred Speech","Yum Yum Shop","Owen Lippman","Calvin Smith","Dalton Gilder","Brandon Stokes",-2,0
"ers26rich","Open Bronze 4.5+","P17: Semi-final","Paradox Fan Club","The Rookies","Justin Kehoe","Hampton Chappell","Daniel Porter","Zachary Small",0,-1
"ers26rich","Open Bronze 4.5+","P17: Semi-final","Paradox Fan Club","The Rookies","Justin Kehoe","Hampton Chappell","Daniel Porter","Zachary Small",0,-1
"ers26rich","Open Bronze 4.5+","Final","Rolling Reapers","Flame of Fire","Jake Dooley","Will Picone","Jacob Summers","Isaac Haynes",21,17
"ers26rich","Open Bronze 4.5+","Final","Rolling Reapers","Flame of Fire","Jake Dooley","Will Picone","Jacob Summers","Isaac Haynes",21,6
"ers26rich","Open Bronze 4.5+","P3: Final","Da Bih Tuh - Rimond Edshun","Daddy Daughter","Jaxon Gonzalez","Owen Wallace","Noah Kopetic","Andrew Greer",21,7
"ers26rich","Open Bronze 4.5+","P5: Final","Radical WanKas","D1 Girlfriends","Brock Lodato","Jon Esposo","Henry Pleszkoch","Jake Hurst",-1,0
"ers26rich","Open Bronze 4.5+","P7: Final","PBR Dabmeup","Wortman/Santos","A.j. Martin","Jacob Arzaga","Eli Wortman","Sean Santos",0,-1
"ers26rich","Open Bronze 4.5+","P9: Final","🅱️arley and the 🅱️hocolate 🅱️actory ","Donut Holes","Charlie Cavallaro","Caleb White","Andre Reynolds","Henry Cheung",21,8
"ers26rich","Open Bronze 4.5+","P11: Final","PBR Knicks in 5","Vertigo 😵‍💫","James Mitchum","Brian Perlson","Austin Niles","Brooks Weeks",-1,0
"ers26rich","Open Bronze 4.5+","P13: Final","Make Sammy Proud","Yum Yum Shop","Josh Esposo","Ryland Holdren","Dalton Gilder","Brandon Stokes",0,-2
"ers26rich","Open Bronze 4.5+","P15: Final","Slurred Speech","Monkey shirt","Owen Lippman","Calvin Smith","Soren Brown","Charlie Labarge",-2,0
"ers26rich","Open Bronze 4.5+","P17: Final","Path of Pain","Paradox Fan Club","Noah Elconin","Dylan Noker","Justin Kehoe","Hampton Chappell",33,31
"ers26rich","Open Bronze 4.5+","P17: Final","Path of Pain","Paradox Fan Club","Noah Elconin","Dylan Noker","Justin Kehoe","Hampton Chappell",20,22
"ers26rich","Open Bronze 4.5+","P17: Final","Path of Pain","Paradox Fan Club","Noah Elconin","Dylan Noker","Justin Kehoe","Hampton Chappell",16,21
"ers26rich","Open Bronze 4.5+","Pool","Path of Pain","The Rookies","Noah Elconin","Dylan Noker","Daniel Porter","Zachary Small",0,-2
"ers26rich","Contender 3.5-4.0","Pool","M&Ms","Tsapp/Young","Mason Fogarty","Michael Borja","Heather Tsapp","Elijah Young",17,9
"ers26rich","Contender 3.5-4.0","Pool","Beep Boop","The Blunders","Brandon Fung","Pat Marinich","Andrew Scholten","Ethan Scholten",17,15
"ers26rich","Contender 3.5-4.0","Pool","That’s Rough Buddy","All Heart","Shyam Patel","AJ Yoon","Bel Belvedere","Ben Celestino",17,13
"ers26rich","Contender 3.5-4.0","Pool","The TouchURs","Placeholder","Steven Pisano","Henry Switz","Courtney Coppage","Garrett Loiselle",17,9
"ers26rich","Contender 3.5-4.0","Pool","M&Ms","The Blunders","Mason Fogarty","Michael Borja","Andrew Scholten","Ethan Scholten",17,8
"ers26rich","Contender 3.5-4.0","Pool","Beep Boop","Placeholder","Brandon Fung","Pat Marinich","Courtney Coppage","Garrett Loiselle",17,6
"ers26rich","Contender 3.5-4.0","Pool","That’s Rough Buddy","The TouchURs","Shyam Patel","AJ Yoon","Steven Pisano","Henry Switz",14,17
"ers26rich","Contender 3.5-4.0","Pool","All Heart","Tsapp/Young","Bel Belvedere","Ben Celestino","Heather Tsapp","Elijah Young",17,9
"ers26rich","Contender 3.5-4.0","Pool","M&Ms","All Heart","Mason Fogarty","Michael Borja","Bel Belvedere","Ben Celestino",17,10
"ers26rich","Contender 3.5-4.0","Pool","Beep Boop","That’s Rough Buddy","Brandon Fung","Pat Marinich","Shyam Patel","AJ Yoon",17,14
"ers26rich","Contender 3.5-4.0","Pool","The TouchURs","Tsapp/Young","Steven Pisano","Henry Switz","Heather Tsapp","Elijah Young",17,8
"ers26rich","Contender 3.5-4.0","Pool","Placeholder","The Blunders","Courtney Coppage","Garrett Loiselle","Andrew Scholten","Ethan Scholten",15,17
"ers26rich","Contender 3.5-4.0","Pool","M&Ms","Placeholder","Mason Fogarty","Michael Borja","Courtney Coppage","Garrett Loiselle",17,9
"ers26rich","Contender 3.5-4.0","Pool","Beep Boop","Tsapp/Young","Brandon Fung","Pat Marinich","Heather Tsapp","Elijah Young",17,10
"ers26rich","Contender 3.5-4.0","Pool","That’s Rough Buddy","The Blunders","Shyam Patel","AJ Yoon","Andrew Scholten","Ethan Scholten",17,12
"ers26rich","Contender 3.5-4.0","Pool","The TouchURs","All Heart","Steven Pisano","Henry Switz","Bel Belvedere","Ben Celestino",17,15
"ers26rich","Contender 3.5-4.0","Pool","M&Ms","The TouchURs","Mason Fogarty","Michael Borja","Steven Pisano","Henry Switz",17,13
"ers26rich","Contender 3.5-4.0","Pool","Beep Boop","All Heart","Brandon Fung","Pat Marinich","Bel Belvedere","Ben Celestino",17,15
"ers26rich","Contender 3.5-4.0","Pool","That’s Rough Buddy","Placeholder","Shyam Patel","AJ Yoon","Courtney Coppage","Garrett Loiselle",17,3
"ers26rich","Contender 3.5-4.0","Pool","The Blunders","Tsapp/Young","Andrew Scholten","Ethan Scholten","Heather Tsapp","Elijah Young",17,12
"ers26rich","Contender 3.5-4.0","Pool","M&Ms","That’s Rough Buddy","Mason Fogarty","Michael Borja","Shyam Patel","AJ Yoon",17,14
"ers26rich","Contender 3.5-4.0","Pool","Beep Boop","The TouchURs","Brandon Fung","Pat Marinich","Steven Pisano","Henry Switz",17,15
"ers26rich","Contender 3.5-4.0","Pool","Placeholder","Tsapp/Young","Courtney Coppage","Garrett Loiselle","Heather Tsapp","Elijah Young",15,17
"ers26rich","Contender 3.5-4.0","Pool","All Heart","The Blunders","Bel Belvedere","Ben Celestino","Andrew Scholten","Ethan Scholten",17,9
"ers26rich","Contender 3.5-4.0","Pool","M&Ms","Beep Boop","Mason Fogarty","Michael Borja","Brandon Fung","Pat Marinich",15,17
"ers26rich","Contender 3.5-4.0","Pool","That’s Rough Buddy","Tsapp/Young","Shyam Patel","AJ Yoon","Heather Tsapp","Elijah Young",17,9
"ers26rich","Contender 3.5-4.0","Pool","The TouchURs","The Blunders","Steven Pisano","Henry Switz","Andrew Scholten","Ethan Scholten",17,12
"ers26rich","Contender 3.5-4.0","Pool","Placeholder","All Heart","Courtney Coppage","Garrett Loiselle","Bel Belvedere","Ben Celestino",13,17
"ers26rich","Contender 3.5-4.0","Quarter-final","Beep Boop","Placeholder","Brandon Fung","Pat Marinich","Courtney Coppage","Garrett Loiselle",21,17
"ers26rich","Contender 3.5-4.0","Quarter-final","Beep Boop","Placeholder","Brandon Fung","Pat Marinich","Courtney Coppage","Garrett Loiselle",21,10
"ers26rich","Contender 3.5-4.0","Quarter-final","M&Ms","Tsapp/Young","Mason Fogarty","Michael Borja","Heather Tsapp","Elijah Young",21,11
"ers26rich","Contender 3.5-4.0","Quarter-final","M&Ms","Tsapp/Young","Mason Fogarty","Michael Borja","Heather Tsapp","Elijah Young",21,14
"ers26rich","Contender 3.5-4.0","Quarter-final","The TouchURs","The Blunders","Steven Pisano","Henry Switz","Andrew Scholten","Ethan Scholten",21,7
"ers26rich","Contender 3.5-4.0","Quarter-final","The TouchURs","The Blunders","Steven Pisano","Henry Switz","Andrew Scholten","Ethan Scholten",21,14
"ers26rich","Contender 3.5-4.0","Quarter-final","That’s Rough Buddy","All Heart","Shyam Patel","AJ Yoon","Bel Belvedere","Ben Celestino",22,20
"ers26rich","Contender 3.5-4.0","Quarter-final","That’s Rough Buddy","All Heart","Shyam Patel","AJ Yoon","Bel Belvedere","Ben Celestino",19,21
"ers26rich","Contender 3.5-4.0","Quarter-final","That’s Rough Buddy","All Heart","Shyam Patel","AJ Yoon","Bel Belvedere","Ben Celestino",21,15
"ers26rich","Contender 3.5-4.0","Semi-final","Beep Boop","That’s Rough Buddy","Brandon Fung","Pat Marinich","Shyam Patel","AJ Yoon",21,16
"ers26rich","Contender 3.5-4.0","Semi-final","Beep Boop","That’s Rough Buddy","Brandon Fung","Pat Marinich","Shyam Patel","AJ Yoon",21,18
"ers26rich","Contender 3.5-4.0","Semi-final","M&Ms","The TouchURs","Mason Fogarty","Michael Borja","Steven Pisano","Henry Switz",21,12
"ers26rich","Contender 3.5-4.0","Semi-final","M&Ms","The TouchURs","Mason Fogarty","Michael Borja","Steven Pisano","Henry Switz",21,15
"ers26rich","Contender 3.5-4.0","P5: Semi-final","The Blunders","Tsapp/Young","Andrew Scholten","Ethan Scholten","Heather Tsapp","Elijah Young",21,14
"ers26rich","Contender 3.5-4.0","Final","Beep Boop","M&Ms","Brandon Fung","Pat Marinich","Mason Fogarty","Michael Borja",21,18
"ers26rich","Contender 3.5-4.0","Final","Beep Boop","M&Ms","Brandon Fung","Pat Marinich","Mason Fogarty","Michael Borja",21,19
"ers26rich","Contender 3.5-4.0","P3: Final","The TouchURs","That’s Rough Buddy","Steven Pisano","Henry Switz","Shyam Patel","AJ Yoon",17,21
