Stage,Division,Group/Bracket,Round,Match format,Team A,Team B,Winning team,Game 1 - Score team A,Game 1 - Score team B,Game 2 - Score team A,Game 2 - Score team B,Game 3 - Score team A,Game 3 - Score team B,Team A - Player 1,Team A - Player 2,Team B - Player 1,Team B - Player 2
Pool Play,Open Bronze 4.5+,Group A,1,Single game,The Founders,Scotty/Andres,The Founders,21,5,,,,,Kevin McClain,Gabe Finocchi,Andres Marquez,Scotty McCabe
Pool Play,Open Bronze 4.5+,Group A,1,Single game,college roundnet finest,SNF One and Two,college roundnet finest,21,18,,,,,Brooks Weeks,Eli Wortman,Sean Santos,Brian Perlson
Pool Play,Open Bronze 4.5+,Group A,1,Single game,Happy Meal,Evan + George :3,Happy Meal,21,15,,,,,Matt Spolarich,Sam Mccune,Evan Leatherbarrow,george reagan
Pool Play,Open Bronze 4.5+,Group B,1,Single game,Matt/Matt,Team twigs,Matt/Matt,21,12,,,,,Matt Wallach,Matthew Rodriguez,Matt Higgins,Logan Darby
Pool Play,Open Bronze 4.5+,Group B,1,Single game,Wookies,Alfred Fingerbottom,Wookies,21,9,,,,,Artie Singer,Demitri Forand,Samuel Panek,Noah Malewicki
Pool Play,Open Bronze 4.5+,Group B,1,Single game,Prison Mike,Carr Park Birthday Party,Prison Mike,21,11,,,,,Jake Mottershead,Kyle Keenan,Gaurav Capila,Evan Liao
Pool Play,Open Bronze 4.5+,Group C,1,Single game,Enemies to Lovers,Brink of Retirement,Brink of Retirement,16,21,,,,,Riley Nassour,Kevin Chen,Sreesai Katiki,Matthew Tiongko
Pool Play,Open Bronze 4.5+,Group C,1,Single game,mikenstaisentrukenpice,eoin / swaguilar,mikenstaisentrukenpice,21,10,,,,,Jon Esposo,Owen Wallace,josh aguilar,Eoin O'Gara
Pool Play,Open Bronze 4.5+,Group C,1,Single game,Wasian Blasian Sensation,Abi and Annabel,Wasian Blasian Sensation,21,14,,,,,Caleb White,Jacob Arzaga,Charlie Camarena,Luke Arnpriester
Pool Play,Open Bronze 4.5+,Group A,2,Single game,The Founders,SNF One and Two,The Founders,21,14,,,,,Kevin McClain,Gabe Finocchi,Sean Santos,Brian Perlson
Pool Play,Open Bronze 4.5+,Group A,2,Single game,college roundnet finest,Happy Meal,college roundnet finest,21,17,,,,,Brooks Weeks,Eli Wortman,Matt Spolarich,Sam Mccune
Pool Play,Open Bronze 4.5+,Group A,2,Single game,Evan + George :3,Scotty/Andres,Scotty/Andres,13,21,,,,,Evan Leatherbarrow,george reagan,Andres Marquez,Scotty McCabe
Pool Play,Open Bronze 4.5+,Group B,2,Single game,Matt/Matt,Alfred Fingerbottom,Matt/Matt,21,11,,,,,Matt Wallach,Matthew Rodriguez,Samuel Panek,Noah Malewicki
Pool Play,Open Bronze 4.5+,Group B,2,Single game,Wookies,Prison Mike,Prison Mike,17,21,,,,,Artie Singer,Demitri Forand,Jake Mottershead,Kyle Keenan
Pool Play,Open Bronze 4.5+,Group B,2,Single game,Carr Park Birthday Party,Team twigs,Team twigs,9,21,,,,,Gaurav Capila,Evan Liao,Matt Higgins,Logan Darby
Pool Play,Open Bronze 4.5+,Group C,2,Single game,Enemies to Lovers,eoin / swaguilar,Enemies to Lovers,21,10,,,,,Riley Nassour,Kevin Chen,josh aguilar,Eoin O'Gara
Pool Play,Open Bronze 4.5+,Group C,2,Single game,mikenstaisentrukenpice,Wasian Blasian Sensation,Wasian Blasian Sensation,17,21,,,,,Jon Esposo,Owen Wallace,Caleb White,Jacob Arzaga
Pool Play,Open Bronze 4.5+,Group C,2,Single game,Abi and Annabel,Brink of Retirement,Abi and Annabel,21,9,,,,,Charlie Camarena,Luke Arnpriester,Sreesai Katiki,Matthew Tiongko
Pool Play,Open Bronze 4.5+,Group A,3,Single game,The Founders,Evan + George :3,The Founders,21,12,,,,,Kevin McClain,Gabe Finocchi,Evan Leatherbarrow,george reagan
Pool Play,Open Bronze 4.5+,Group A,3,Single game,college roundnet finest,Scotty/Andres,college roundnet finest,21,19,,,,,Brooks Weeks,Eli Wortman,Andres Marquez,Scotty McCabe
Pool Play,Open Bronze 4.5+,Group A,3,Single game,Happy Meal,SNF One and Two,SNF One and Two,15,21,,,,,Matt Spolarich,Sam Mccune,Sean Santos,Brian Perlson
Pool Play,Open Bronze 4.5+,Group B,3,Single game,Matt/Matt,Carr Park Birthday Party,Matt/Matt,21,6,,,,,Matt Wallach,Matthew Rodriguez,Gaurav Capila,Evan Liao
Pool Play,Open Bronze 4.5+,Group B,3,Single game,Wookies,Team twigs,Team twigs,16,21,,,,,Artie Singer,Demitri Forand,Matt Higgins,Logan Darby
Pool Play,Open Bronze 4.5+,Group B,3,Single game,Prison Mike,Alfred Fingerbottom,Alfred Fingerbottom,20,22,,,,,Jake Mottershead,Kyle Keenan,Samuel Panek,Noah Malewicki
Pool Play,Open Bronze 4.5+,Group C,3,Single game,Enemies to Lovers,Abi and Annabel,Abi and Annabel,19,21,,,,,Riley Nassour,Kevin Chen,Charlie Camarena,Luke Arnpriester
Pool Play,Open Bronze 4.5+,Group C,3,Single game,mikenstaisentrukenpice,Brink of Retirement,mikenstaisentrukenpice,21,17,,,,,Jon Esposo,Owen Wallace,Sreesai Katiki,Matthew Tiongko
Pool Play,Open Bronze 4.5+,Group C,3,Single game,Wasian Blasian Sensation,eoin / swaguilar,Wasian Blasian Sensation,21,10,,,,,Caleb White,Jacob Arzaga,josh aguilar,Eoin O'Gara
Pool Play,Open Bronze 4.5+,Group A,4,Single game,The Founders,Happy Meal,The Founders,21,10,,,,,Kevin McClain,Gabe Finocchi,Matt Spolarich,Sam Mccune
Pool Play,Open Bronze 4.5+,Group A,4,Single game,college roundnet finest,Evan + George :3,college roundnet finest,21,16,,,,,Brooks Weeks,Eli Wortman,Evan Leatherbarrow,george reagan
Pool Play,Open Bronze 4.5+,Group A,4,Single game,SNF One and Two,Scotty/Andres,SNF One and Two,21,19,,,,,Sean Santos,Brian Perlson,Andres Marquez,Scotty McCabe
Pool Play,Open Bronze 4.5+,Group B,4,Single game,Matt/Matt,Prison Mike,Matt/Matt,23,21,,,,,Matt Wallach,Matthew Rodriguez,Jake Mottershead,Kyle Keenan
Pool Play,Open Bronze 4.5+,Group B,4,Single game,Wookies,Carr Park Birthday Party,Wookies,21,12,,,,,Artie Singer,Demitri Forand,Gaurav Capila,Evan Liao
Pool Play,Open Bronze 4.5+,Group B,4,Single game,Alfred Fingerbottom,Team twigs,Team twigs,11,21,,,,,Samuel Panek,Noah Malewicki,Matt Higgins,Logan Darby
Pool Play,Open Bronze 4.5+,Group C,4,Single game,Enemies to Lovers,Wasian Blasian Sensation,Wasian Blasian Sensation,14,21,,,,,Riley Nassour,Kevin Chen,Caleb White,Jacob Arzaga
Pool Play,Open Bronze 4.5+,Group C,4,Single game,mikenstaisentrukenpice,Abi and Annabel,mikenstaisentrukenpice,21,19,,,,,Jon Esposo,Owen Wallace,Charlie Camarena,Luke Arnpriester
Pool Play,Open Bronze 4.5+,Group C,4,Single game,eoin / swaguilar,Brink of Retirement,eoin / swaguilar,21,14,,,,,josh aguilar,Eoin O'Gara,Sreesai Katiki,Matthew Tiongko
Pool Play,Open Bronze 4.5+,Group A,5,Single game,The Founders,college roundnet finest,The Founders,21,12,,,,,Kevin McClain,Gabe Finocchi,Brooks Weeks,Eli Wortman
Pool Play,Open Bronze 4.5+,Group A,5,Single game,Happy Meal,Scotty/Andres,Happy Meal,21,19,,,,,Matt Spolarich,Sam Mccune,Andres Marquez,Scotty McCabe
Pool Play,Open Bronze 4.5+,Group A,5,Single game,Evan + George :3,SNF One and Two,SNF One and Two,20,22,,,,,Evan Leatherbarrow,george reagan,Sean Santos,Brian Perlson
Pool Play,Open Bronze 4.5+,Group B,5,Single game,Matt/Matt,Wookies,Matt/Matt,21,12,,,,,Matt Wallach,Matthew Rodriguez,Artie Singer,Demitri Forand
Pool Play,Open Bronze 4.5+,Group B,5,Single game,Prison Mike,Team twigs,Prison Mike,21,16,,,,,Jake Mottershead,Kyle Keenan,Matt Higgins,Logan Darby
Pool Play,Open Bronze 4.5+,Group B,5,Single game,Carr Park Birthday Party,Alfred Fingerbottom,Alfred Fingerbottom,11,21,,,,,Gaurav Capila,Evan Liao,Samuel Panek,Noah Malewicki
Pool Play,Open Bronze 4.5+,Group C,5,Single game,Enemies to Lovers,mikenstaisentrukenpice,Enemies to Lovers,21,19,,,,,Riley Nassour,Kevin Chen,Jon Esposo,Owen Wallace
Pool Play,Open Bronze 4.5+,Group C,5,Single game,Wasian Blasian Sensation,Brink of Retirement,Wasian Blasian Sensation,21,10,,,,,Caleb White,Jacob Arzaga,Sreesai Katiki,Matthew Tiongko
Pool Play,Open Bronze 4.5+,Group C,5,Single game,Abi and Annabel,eoin / swaguilar,Abi and Annabel,21,9,,,,,Charlie Camarena,Luke Arnpriester,josh aguilar,Eoin O'Gara
Bracket Stage,Open Bronze 4.5+,Bracket A,Round of 32,Single game,Brink of Retirement,Carr Park Birthday Party,Brink of Retirement,21,15,,,,,Sreesai Katiki,Matthew Tiongko,Gaurav Capila,Evan Liao
Bracket Stage,Open Bronze 4.5+,Bracket A,Round of 32,Single game,eoin / swaguilar,Evan + George :3,Evan + George :3,15,21,,,,,josh aguilar,Eoin O'Gara,Evan Leatherbarrow,george reagan
Bracket Stage,Open Bronze 4.5+,Bracket A,Round of 16,Best of 3,The Founders,Evan + George :3,The Founders,21,12,21,16,,,Kevin McClain,Gabe Finocchi,Evan Leatherbarrow,george reagan
Bracket Stage,Open Bronze 4.5+,Bracket A,Round of 16,Best of 3,Matt/Matt,Brink of Retirement,Matt/Matt,16,11,0,-1,,,Matt Wallach,Matthew Rodriguez,Sreesai Katiki,Matthew Tiongko
Bracket Stage,Open Bronze 4.5+,Bracket A,Round of 16,Best of 3,Wasian Blasian Sensation,Scotty/Andres,Wasian Blasian Sensation,21,13,21,6,,,Caleb White,Jacob Arzaga,Andres Marquez,Scotty McCabe
Bracket Stage,Open Bronze 4.5+,Bracket A,Round of 16,Best of 3,college roundnet finest,Alfred Fingerbottom,college roundnet finest,21,11,14,21,21,19,Brooks Weeks,Eli Wortman,Samuel Panek,Noah Malewicki
Bracket Stage,Open Bronze 4.5+,Bracket A,Round of 16,Best of 3,Abi and Annabel,Happy Meal,Abi and Annabel,21,9,21,13,,,Charlie Camarena,Luke Arnpriester,Matt Spolarich,Sam Mccune
Bracket Stage,Open Bronze 4.5+,Bracket A,Round of 16,Best of 3,Prison Mike,Enemies to Lovers,Enemies to Lovers,15,21,18,21,,,Jake Mottershead,Kyle Keenan,Riley Nassour,Kevin Chen
Bracket Stage,Open Bronze 4.5+,Bracket A,Round of 16,Best of 3,Team twigs,Wookies,Wookies,21,23,11,21,,,Matt Higgins,Logan Darby,Artie Singer,Demitri Forand
Bracket Stage,Open Bronze 4.5+,Bracket A,Round of 16,Best of 3,mikenstaisentrukenpice,SNF One and Two,SNF One and Two,16,21,21,23,,,Jon Esposo,Owen Wallace,Sean Santos,Brian Perlson
Bracket Stage,Open Bronze 4.5+,Bracket A,Quarter-final,Best of 3,The Founders,SNF One and Two,The Founders,21,12,21,18,,,Kevin McClain,Gabe Finocchi,Sean Santos,Brian Perlson
Bracket Stage,Open Bronze 4.5+,Bracket A,Quarter-final,Best of 3,Matt/Matt,Wookies,Matt/Matt,21,16,21,11,,,Matt Wallach,Matthew Rodriguez,Artie Singer,Demitri Forand
Bracket Stage,Open Bronze 4.5+,Bracket A,Quarter-final,Best of 3,Wasian Blasian Sensation,Enemies to Lovers,Wasian Blasian Sensation,21,18,21,10,,,Caleb White,Jacob Arzaga,Riley Nassour,Kevin Chen
Bracket Stage,Open Bronze 4.5+,Bracket A,Quarter-final,Best of 3,college roundnet finest,Abi and Annabel,Abi and Annabel,18,21,13,21,,,Brooks Weeks,Eli Wortman,Charlie Camarena,Luke Arnpriester
Bracket Stage,Open Bronze 4.5+,Bracket A,P9: Quarter-final,Single game,mikenstaisentrukenpice,Evan + George :3,mikenstaisentrukenpice,21,17,,,,,Jon Esposo,Owen Wallace,Evan Leatherbarrow,george reagan
Bracket Stage,Open Bronze 4.5+,Bracket A,P9: Quarter-final,Single game,Team twigs,Brink of Retirement,Team twigs,21,14,,,,,Matt Higgins,Logan Darby,Sreesai Katiki,Matthew Tiongko
Bracket Stage,Open Bronze 4.5+,Bracket A,P9: Quarter-final,Single game,Prison Mike,Scotty/Andres,Prison Mike,21,19,,,,,Jake Mottershead,Kyle Keenan,Andres Marquez,Scotty McCabe
Bracket Stage,Open Bronze 4.5+,Bracket A,P9: Quarter-final,Single game,Happy Meal,Alfred Fingerbottom,Alfred Fingerbottom,19,21,,,,,Matt Spolarich,Sam Mccune,Samuel Panek,Noah Malewicki
Bracket Stage,Open Bronze 4.5+,Bracket A,Semi-final,Best of 3,The Founders,Abi and Annabel,Abi and Annabel,15,21,21,19,19,21,Kevin McClain,Gabe Finocchi,Charlie Camarena,Luke Arnpriester
Bracket Stage,Open Bronze 4.5+,Bracket A,Semi-final,Best of 3,Matt/Matt,Wasian Blasian Sensation,Matt/Matt,21,17,21,12,,,Matt Wallach,Matthew Rodriguez,Caleb White,Jacob Arzaga
Bracket Stage,Open Bronze 4.5+,Bracket A,P5: Semi-final,Single game,college roundnet finest,SNF One and Two,SNF One and Two,14,21,,,,,Brooks Weeks,Eli Wortman,Sean Santos,Brian Perlson
Bracket Stage,Open Bronze 4.5+,Bracket A,P5: Semi-final,Single game,Enemies to Lovers,Wookies,Wookies,-1,0,,,,,Riley Nassour,Kevin Chen,Artie Singer,Demitri Forand
Bracket Stage,Open Bronze 4.5+,Bracket A,P9: Semi-final,Single game,mikenstaisentrukenpice,Alfred Fingerbottom,mikenstaisentrukenpice,21,15,,,,,Jon Esposo,Owen Wallace,Samuel Panek,Noah Malewicki
Bracket Stage,Open Bronze 4.5+,Bracket A,P9: Semi-final,Single game,Team twigs,Prison Mike,Team twigs,24,22,,,,,Matt Higgins,Logan Darby,Jake Mottershead,Kyle Keenan
Bracket Stage,Open Bronze 4.5+,Bracket A,P13: Semi-final,Single game,Happy Meal,Evan + George :3,Evan + George :3,-2,0,,,,,Matt Spolarich,Sam Mccune,Evan Leatherbarrow,george reagan
Bracket Stage,Open Bronze 4.5+,Bracket A,P13: Semi-final,Single game,Scotty/Andres,Brink of Retirement,Scotty/Andres,21,18,,,,,Andres Marquez,Scotty McCabe,Sreesai Katiki,Matthew Tiongko
Bracket Stage,Open Bronze 4.5+,Bracket A,Final,Best of 3,Abi and Annabel,Matt/Matt,Abi and Annabel,21,18,21,19,,,Charlie Camarena,Luke Arnpriester,Matt Wallach,Matthew Rodriguez
Bracket Stage,Open Bronze 4.5+,Bracket A,P3: Final,Best of 3,Wasian Blasian Sensation,The Founders,Wasian Blasian Sensation,25,23,21,16,,,Caleb White,Jacob Arzaga,Kevin McClain,Gabe Finocchi
Bracket Stage,Open Bronze 4.5+,Bracket A,P5: Final,Single game,SNF One and Two,Wookies,Wookies,18,21,,,,,Sean Santos,Brian Perlson,Artie Singer,Demitri Forand
Bracket Stage,Open Bronze 4.5+,Bracket A,P7: Final,Single game,Enemies to Lovers,college roundnet finest,college roundnet finest,-2,0,,,,,Riley Nassour,Kevin Chen,Brooks Weeks,Eli Wortman
Bracket Stage,Open Bronze 4.5+,Bracket A,P9: Final,Single game,mikenstaisentrukenpice,Team twigs,mikenstaisentrukenpice,0,-2,,,,,Jon Esposo,Owen Wallace,Matt Higgins,Logan Darby
Bracket Stage,Open Bronze 4.5+,Bracket A,P11: Final,Single game,Prison Mike,Alfred Fingerbottom,Alfred Fingerbottom,20,22,,,,,Jake Mottershead,Kyle Keenan,Samuel Panek,Noah Malewicki
Bracket Stage,Open Bronze 4.5+,Bracket A,P13: Final,Single game,Evan + George :3,Scotty/Andres,Scotty/Andres,16,21,,,,,Evan Leatherbarrow,george reagan,Andres Marquez,Scotty McCabe
Bracket Stage,Open Bronze 4.5+,Bracket A,P15: Final,Single game,Brink of Retirement,Happy Meal,Brink of Retirement,0,-2,,,,,Sreesai Katiki,Matthew Tiongko,Matt Spolarich,Sam Mccune
Bracket Stage,Open Bronze 4.5+,Bracket A,P17: Final,Best of 3,eoin / swaguilar,Carr Park Birthday Party,eoin / swaguilar,21,17,0,-2,,,josh aguilar,Eoin O'Gara,Gaurav Capila,Evan Liao
Pool Play,Open Advanced-Contender 3.5-4.0,Group A,1,Single game,Fried Pork,Arya/Ani,Fried Pork,21,2,,,,,Lucas Hope,Ryan Park,Arya Ramanan,Anirudh Koduganti
Pool Play,Open Advanced-Contender 3.5-4.0,Group A,1,Single game,Paul and Michael,The Young’uns,Paul and Michael,21,7,,,,,Michael Rascati,Paul Berrey,Boris McCoy,Ethan Bordoff
Pool Play,Open Advanced-Contender 3.5-4.0,Group A,1,Single game,Break & Run,Pawling Spikeball League,Pawling Spikeball League,19,21,,,,,Thomas Ross,Shyam Patel,Jake Harris,Seth Brightman
Pool Play,Open Advanced-Contender 3.5-4.0,Group B,1,Single game,BPD (Brian Perlson’s Disciples),Winners,BPD (Brian Perlson’s Disciples),21,4,,,,,Ryland Holdren,Henry Cheung,Vineet Varghese,Ezra Lerman
Pool Play,Open Advanced-Contender 3.5-4.0,Group B,1,Single game,Big Time Rush,captain beer and his first mate,Big Time Rush,21,17,,,,,Jack Mallett,Xavier Grazado,Evan Phillips,Stephen DePasquale
Pool Play,Open Advanced-Contender 3.5-4.0,Group B,1,Single game,BT bakes,Girlboss,BT bakes,21,10,,,,,Sanjay Ramcharan,Cailley Biagini,Shea Hanna,Domenic Corona
Pool Play,Open Advanced-Contender 3.5-4.0,Group C,1,Single game,Monkey shirt,LeSpike,Monkey shirt,21,10,,,,,Charlie Labarge,Soren Brown,David Stokarski,Seth Stokarski
Pool Play,Open Advanced-Contender 3.5-4.0,Group C,1,Single game,"Bombs Xu-way ",Receive these balls,"Bombs Xu-way ",21,11,,,,,Edward Xu,Cole Bombard,Will Janusz,Benigno Mckain
Pool Play,Open Advanced-Contender 3.5-4.0,Group C,1,Single game,Chiva Hermanos,Rea of Sunshine,Chiva Hermanos,21,16,,,,,Camilo Cruz,Edgar Cruz,Jason Rea,Kyle Ling
Pool Play,Open Advanced-Contender 3.5-4.0,Group D,1,Single game,The Chosen 2,Skin and bones,The Chosen 2,25,24,,,,,Max Ofgang,Alex Ofgang,Edward Broadbent,Josh Puffenberger
Pool Play,Open Advanced-Contender 3.5-4.0,Group D,1,Single game,Stall Warning,Bare Minimums,Bare Minimums,10,21,,,,,Tyrus Kamenitzer,Alec Mertz,Alexander Zou,Yi-Fei Zhao
Pool Play,Open Advanced-Contender 3.5-4.0,Group D,1,Single game,Spikebool,Let’s run it,Let’s run it,14,21,,,,,Derek Sicko,Luka Eaton,Caleb Cottle,Daniel Krupp
Pool Play,Open Advanced-Contender 3.5-4.0,Group E,1,Single game,Esposo Lovers,Jersey Spikers,Esposo Lovers,21,17,,,,,Michael Borja,ben epps,Ethan Davis,Gavin Swain
Pool Play,Open Advanced-Contender 3.5-4.0,Group E,1,Single game,Anyone mind if I turn off the light?,Jatt McAhn,Anyone mind if I turn off the light?,21,11,,,,,Ben Westphal,Bassil Chughtai,Jeffrey Ahn,Patrick McEwen
Pool Play,Open Advanced-Contender 3.5-4.0,Group E,1,Single game,The 2 Goons,Dunn/bonowski,Dunn/bonowski,14,21,,,,,Issac Hwang,Ethan Jeon,Jason Dunn,Daniel Bonowski
Pool Play,Open Advanced-Contender 3.5-4.0,Group F,1,Single game,"Pump Fake ",Curry & Mayo,"Pump Fake ",21,10,,,,,Dylan Rehman,Matthew Michaelis,Kris Vikram,Jeremy Schneider
Pool Play,Open Advanced-Contender 3.5-4.0,Group F,1,Single game,Soju Bomb! 🍺 💣,Unc & Sons Co.,Soju Bomb! 🍺 💣,21,13,,,,,Kennedy Nguyen,Alan Gao,Brennen Cannata,Lucas Peron
Pool Play,Open Advanced-Contender 3.5-4.0,Group F,1,Single game,Tuff Terriers,Die Spikeballer,Tuff Terriers,21,13,,,,,Finn Dunne,Benjamin Colao,Emma Curran,Quin Houck
Pool Play,Open Advanced-Contender 3.5-4.0,Group A,2,Single game,Fried Pork,The Young’uns,Fried Pork,21,12,,,,,Lucas Hope,Ryan Park,Boris McCoy,Ethan Bordoff
Pool Play,Open Advanced-Contender 3.5-4.0,Group A,2,Single game,Paul and Michael,Break & Run,Paul and Michael,21,14,,,,,Michael Rascati,Paul Berrey,Thomas Ross,Shyam Patel
Pool Play,Open Advanced-Contender 3.5-4.0,Group A,2,Single game,Pawling Spikeball League,Arya/Ani,Pawling Spikeball League,21,10,,,,,Jake Harris,Seth Brightman,Arya Ramanan,Anirudh Koduganti
Pool Play,Open Advanced-Contender 3.5-4.0,Group B,2,Single game,BPD (Brian Perlson’s Disciples),captain beer and his first mate,BPD (Brian Perlson’s Disciples),21,6,,,,,Ryland Holdren,Henry Cheung,Evan Phillips,Stephen DePasquale
Pool Play,Open Advanced-Contender 3.5-4.0,Group B,2,Single game,Big Time Rush,BT bakes,BT bakes,15,21,,,,,Jack Mallett,Xavier Grazado,Sanjay Ramcharan,Cailley Biagini
Pool Play,Open Advanced-Contender 3.5-4.0,Group B,2,Single game,Girlboss,Winners,Girlboss,21,15,,,,,Shea Hanna,Domenic Corona,Vineet Varghese,Ezra Lerman
Pool Play,Open Advanced-Contender 3.5-4.0,Group C,2,Single game,Monkey shirt,Receive these balls,Monkey shirt,21,5,,,,,Charlie Labarge,Soren Brown,Will Janusz,Benigno Mckain
Pool Play,Open Advanced-Contender 3.5-4.0,Group C,2,Single game,"Bombs Xu-way ",Chiva Hermanos,"Bombs Xu-way ",21,14,,,,,Edward Xu,Cole Bombard,Camilo Cruz,Edgar Cruz
Pool Play,Open Advanced-Contender 3.5-4.0,Group C,2,Single game,Rea of Sunshine,LeSpike,LeSpike,11,21,,,,,Jason Rea,Kyle Ling,David Stokarski,Seth Stokarski
Pool Play,Open Advanced-Contender 3.5-4.0,Group D,2,Single game,The Chosen 2,Bare Minimums,The Chosen 2,21,10,,,,,Max Ofgang,Alex Ofgang,Alexander Zou,Yi-Fei Zhao
Pool Play,Open Advanced-Contender 3.5-4.0,Group D,2,Single game,Stall Warning,Spikebool,Stall Warning,21,11,,,,,Tyrus Kamenitzer,Alec Mertz,Derek Sicko,Luka Eaton
Pool Play,Open Advanced-Contender 3.5-4.0,Group D,2,Single game,Let’s run it,Skin and bones,Skin and bones,24,25,,,,,Caleb Cottle,Daniel Krupp,Edward Broadbent,Josh Puffenberger
Pool Play,Open Advanced-Contender 3.5-4.0,Group E,2,Single game,Esposo Lovers,Jatt McAhn,Esposo Lovers,21,10,,,,,Michael Borja,ben epps,Jeffrey Ahn,Patrick McEwen
Pool Play,Open Advanced-Contender 3.5-4.0,Group E,2,Single game,Anyone mind if I turn off the light?,The 2 Goons,Anyone mind if I turn off the light?,21,6,,,,,Ben Westphal,Bassil Chughtai,Issac Hwang,Ethan Jeon
Pool Play,Open Advanced-Contender 3.5-4.0,Group E,2,Single game,Dunn/bonowski,Jersey Spikers,Dunn/bonowski,21,8,,,,,Jason Dunn,Daniel Bonowski,Ethan Davis,Gavin Swain
Pool Play,Open Advanced-Contender 3.5-4.0,Group F,2,Single game,"Pump Fake ",Unc & Sons Co.,"Pump Fake ",21,11,,,,,Dylan Rehman,Matthew Michaelis,Brennen Cannata,Lucas Peron
Pool Play,Open Advanced-Contender 3.5-4.0,Group F,2,Single game,Soju Bomb! 🍺 💣,Tuff Terriers,Soju Bomb! 🍺 💣,21,17,,,,,Kennedy Nguyen,Alan Gao,Finn Dunne,Benjamin Colao
Pool Play,Open Advanced-Contender 3.5-4.0,Group F,2,Single game,Die Spikeballer,Curry & Mayo,Die Spikeballer,23,21,,,,,Emma Curran,Quin Houck,Kris Vikram,Jeremy Schneider
Pool Play,Open Advanced-Contender 3.5-4.0,Group A,3,Single game,Fried Pork,Pawling Spikeball League,Fried Pork,21,9,,,,,Lucas Hope,Ryan Park,Jake Harris,Seth Brightman
Pool Play,Open Advanced-Contender 3.5-4.0,Group A,3,Single game,Paul and Michael,Arya/Ani,Paul and Michael,21,9,,,,,Michael Rascati,Paul Berrey,Arya Ramanan,Anirudh Koduganti
Pool Play,Open Advanced-Contender 3.5-4.0,Group A,3,Single game,Break & Run,The Young’uns,Break & Run,21,16,,,,,Thomas Ross,Shyam Patel,Boris McCoy,Ethan Bordoff
Pool Play,Open Advanced-Contender 3.5-4.0,Group B,3,Single game,BPD (Brian Perlson’s Disciples),Girlboss,BPD (Brian Perlson’s Disciples),21,7,,,,,Ryland Holdren,Henry Cheung,Shea Hanna,Domenic Corona
Pool Play,Open Advanced-Contender 3.5-4.0,Group B,3,Single game,Big Time Rush,Winners,Big Time Rush,21,9,,,,,Jack Mallett,Xavier Grazado,Vineet Varghese,Ezra Lerman
Pool Play,Open Advanced-Contender 3.5-4.0,Group B,3,Single game,BT bakes,captain beer and his first mate,BT bakes,21,11,,,,,Sanjay Ramcharan,Cailley Biagini,Evan Phillips,Stephen DePasquale
Pool Play,Open Advanced-Contender 3.5-4.0,Group C,3,Single game,Monkey shirt,Rea of Sunshine,Monkey shirt,21,9,,,,,Charlie Labarge,Soren Brown,Jason Rea,Kyle Ling
Pool Play,Open Advanced-Contender 3.5-4.0,Group C,3,Single game,"Bombs Xu-way ",LeSpike,"Bombs Xu-way ",21,14,,,,,Edward Xu,Cole Bombard,David Stokarski,Seth Stokarski
Pool Play,Open Advanced-Contender 3.5-4.0,Group C,3,Single game,Chiva Hermanos,Receive these balls,Chiva Hermanos,21,11,,,,,Camilo Cruz,Edgar Cruz,Will Janusz,Benigno Mckain
Pool Play,Open Advanced-Contender 3.5-4.0,Group D,3,Single game,The Chosen 2,Let’s run it,The Chosen 2,21,10,,,,,Max Ofgang,Alex Ofgang,Caleb Cottle,Daniel Krupp
Pool Play,Open Advanced-Contender 3.5-4.0,Group D,3,Single game,Stall Warning,Skin and bones,Skin and bones,16,21,,,,,Tyrus Kamenitzer,Alec Mertz,Edward Broadbent,Josh Puffenberger
Pool Play,Open Advanced-Contender 3.5-4.0,Group D,3,Single game,Spikebool,Bare Minimums,Bare Minimums,14,21,,,,,Derek Sicko,Luka Eaton,Alexander Zou,Yi-Fei Zhao
Pool Play,Open Advanced-Contender 3.5-4.0,Group E,3,Single game,Esposo Lovers,Dunn/bonowski,Esposo Lovers,21,14,,,,,Michael Borja,ben epps,Jason Dunn,Daniel Bonowski
Pool Play,Open Advanced-Contender 3.5-4.0,Group E,3,Single game,Anyone mind if I turn off the light?,Jersey Spikers,Anyone mind if I turn off the light?,21,12,,,,,Ben Westphal,Bassil Chughtai,Ethan Davis,Gavin Swain
Pool Play,Open Advanced-Contender 3.5-4.0,Group E,3,Single game,The 2 Goons,Jatt McAhn,Jatt McAhn,17,21,,,,,Issac Hwang,Ethan Jeon,Jeffrey Ahn,Patrick McEwen
Pool Play,Open Advanced-Contender 3.5-4.0,Group F,3,Single game,"Pump Fake ",Die Spikeballer,"Pump Fake ",21,18,,,,,Dylan Rehman,Matthew Michaelis,Emma Curran,Quin Houck
Pool Play,Open Advanced-Contender 3.5-4.0,Group F,3,Single game,Soju Bomb! 🍺 💣,Curry & Mayo,Soju Bomb! 🍺 💣,21,16,,,,,Kennedy Nguyen,Alan Gao,Kris Vikram,Jeremy Schneider
Pool Play,Open Advanced-Contender 3.5-4.0,Group F,3,Single game,Tuff Terriers,Unc & Sons Co.,Tuff Terriers,21,16,,,,,Finn Dunne,Benjamin Colao,Brennen Cannata,Lucas Peron
Pool Play,Open Advanced-Contender 3.5-4.0,Group A,4,Single game,Fried Pork,Break & Run,Fried Pork,21,17,,,,,Lucas Hope,Ryan Park,Thomas Ross,Shyam Patel
Pool Play,Open Advanced-Contender 3.5-4.0,Group A,4,Single game,Paul and Michael,Pawling Spikeball League,Paul and Michael,21,7,,,,,Michael Rascati,Paul Berrey,Jake Harris,Seth Brightman
Pool Play,Open Advanced-Contender 3.5-4.0,Group A,4,Single game,The Young’uns,Arya/Ani,The Young’uns,21,10,,,,,Boris McCoy,Ethan Bordoff,Arya Ramanan,Anirudh Koduganti
Pool Play,Open Advanced-Contender 3.5-4.0,Group B,4,Single game,BPD (Brian Perlson’s Disciples),BT bakes,BPD (Brian Perlson’s Disciples),21,17,,,,,Ryland Holdren,Henry Cheung,Sanjay Ramcharan,Cailley Biagini
Pool Play,Open Advanced-Contender 3.5-4.0,Group B,4,Single game,Big Time Rush,Girlboss,Big Time Rush,21,12,,,,,Jack Mallett,Xavier Grazado,Shea Hanna,Domenic Corona
Pool Play,Open Advanced-Contender 3.5-4.0,Group B,4,Single game,captain beer and his first mate,Winners,captain beer and his first mate,21,17,,,,,Evan Phillips,Stephen DePasquale,Vineet Varghese,Ezra Lerman
Pool Play,Open Advanced-Contender 3.5-4.0,Group C,4,Single game,Monkey shirt,Chiva Hermanos,Monkey shirt,21,11,,,,,Charlie Labarge,Soren Brown,Camilo Cruz,Edgar Cruz
Pool Play,Open Advanced-Contender 3.5-4.0,Group C,4,Single game,"Bombs Xu-way ",Rea of Sunshine,"Bombs Xu-way ",21,10,,,,,Edward Xu,Cole Bombard,Jason Rea,Kyle Ling
Pool Play,Open Advanced-Contender 3.5-4.0,Group C,4,Single game,Receive these balls,LeSpike,LeSpike,19,21,,,,,Will Janusz,Benigno Mckain,David Stokarski,Seth Stokarski
Pool Play,Open Advanced-Contender 3.5-4.0,Group D,4,Single game,The Chosen 2,Spikebool,The Chosen 2,21,8,,,,,Max Ofgang,Alex Ofgang,Derek Sicko,Luka Eaton
Pool Play,Open Advanced-Contender 3.5-4.0,Group D,4,Single game,Stall Warning,Let’s run it,Stall Warning,21,14,,,,,Tyrus Kamenitzer,Alec Mertz,Caleb Cottle,Daniel Krupp
Pool Play,Open Advanced-Contender 3.5-4.0,Group D,4,Single game,Bare Minimums,Skin and bones,Skin and bones,13,21,,,,,Alexander Zou,Yi-Fei Zhao,Edward Broadbent,Josh Puffenberger
Pool Play,Open Advanced-Contender 3.5-4.0,Group E,4,Single game,Esposo Lovers,The 2 Goons,Esposo Lovers,21,11,,,,,Michael Borja,ben epps,Issac Hwang,Ethan Jeon
Pool Play,Open Advanced-Contender 3.5-4.0,Group E,4,Single game,Anyone mind if I turn off the light?,Dunn/bonowski,Anyone mind if I turn off the light?,21,9,,,,,Ben Westphal,Bassil Chughtai,Jason Dunn,Daniel Bonowski
Pool Play,Open Advanced-Contender 3.5-4.0,Group E,4,Single game,Jatt McAhn,Jersey Spikers,Jatt McAhn,21,17,,,,,Jeffrey Ahn,Patrick McEwen,Ethan Davis,Gavin Swain
Pool Play,Open Advanced-Contender 3.5-4.0,Group F,4,Single game,"Pump Fake ",Tuff Terriers,"Pump Fake ",21,16,,,,,Dylan Rehman,Matthew Michaelis,Finn Dunne,Benjamin Colao
Pool Play,Open Advanced-Contender 3.5-4.0,Group F,4,Single game,Soju Bomb! 🍺 💣,Die Spikeballer,Soju Bomb! 🍺 💣,21,12,,,,,Kennedy Nguyen,Alan Gao,Emma Curran,Quin Houck
Pool Play,Open Advanced-Contender 3.5-4.0,Group F,4,Single game,Unc & Sons Co.,Curry & Mayo,Curry & Mayo,10,21,,,,,Brennen Cannata,Lucas Peron,Kris Vikram,Jeremy Schneider
Pool Play,Open Advanced-Contender 3.5-4.0,Group A,5,Single game,Fried Pork,Paul and Michael,Fried Pork,21,14,,,,,Lucas Hope,Ryan Park,Michael Rascati,Paul Berrey
Pool Play,Open Advanced-Contender 3.5-4.0,Group A,5,Single game,Break & Run,Arya/Ani,Break & Run,21,11,,,,,Thomas Ross,Shyam Patel,Arya Ramanan,Anirudh Koduganti
Pool Play,Open Advanced-Contender 3.5-4.0,Group A,5,Single game,Pawling Spikeball League,The Young’uns,Pawling Spikeball League,21,14,,,,,Jake Harris,Seth Brightman,Boris McCoy,Ethan Bordoff
Pool Play,Open Advanced-Contender 3.5-4.0,Group B,5,Single game,BPD (Brian Perlson’s Disciples),Big Time Rush,BPD (Brian Perlson’s Disciples),21,7,,,,,Ryland Holdren,Henry Cheung,Jack Mallett,Xavier Grazado
Pool Play,Open Advanced-Contender 3.5-4.0,Group B,5,Single game,BT bakes,Winners,BT bakes,21,4,,,,,Sanjay Ramcharan,Cailley Biagini,Vineet Varghese,Ezra Lerman
Pool Play,Open Advanced-Contender 3.5-4.0,Group B,5,Single game,Girlboss,captain beer and his first mate,captain beer and his first mate,16,21,,,,,Shea Hanna,Domenic Corona,Evan Phillips,Stephen DePasquale
Pool Play,Open Advanced-Contender 3.5-4.0,Group C,5,Single game,Monkey shirt,"Bombs Xu-way ",Monkey shirt,21,15,,,,,Charlie Labarge,Soren Brown,Edward Xu,Cole Bombard
Pool Play,Open Advanced-Contender 3.5-4.0,Group C,5,Single game,Chiva Hermanos,LeSpike,Chiva Hermanos,21,16,,,,,Camilo Cruz,Edgar Cruz,David Stokarski,Seth Stokarski
Pool Play,Open Advanced-Contender 3.5-4.0,Group C,5,Single game,Rea of Sunshine,Receive these balls,Receive these balls,15,21,,,,,Jason Rea,Kyle Ling,Will Janusz,Benigno Mckain
Pool Play,Open Advanced-Contender 3.5-4.0,Group D,5,Single game,The Chosen 2,Stall Warning,The Chosen 2,21,9,,,,,Max Ofgang,Alex Ofgang,Tyrus Kamenitzer,Alec Mertz
Pool Play,Open Advanced-Contender 3.5-4.0,Group D,5,Single game,Spikebool,Skin and bones,Skin and bones,14,21,,,,,Derek Sicko,Luka Eaton,Edward Broadbent,Josh Puffenberger
Pool Play,Open Advanced-Contender 3.5-4.0,Group D,5,Single game,Let’s run it,Bare Minimums,Let’s run it,21,18,,,,,Caleb Cottle,Daniel Krupp,Alexander Zou,Yi-Fei Zhao
Pool Play,Open Advanced-Contender 3.5-4.0,Group E,5,Single game,Esposo Lovers,Anyone mind if I turn off the light?,Anyone mind if I turn off the light?,18,21,,,,,Michael Borja,ben epps,Ben Westphal,Bassil Chughtai
Pool Play,Open Advanced-Contender 3.5-4.0,Group E,5,Single game,The 2 Goons,Jersey Spikers,Jersey Spikers,17,21,,,,,Issac Hwang,Ethan Jeon,Ethan Davis,Gavin Swain
Pool Play,Open Advanced-Contender 3.5-4.0,Group E,5,Single game,Dunn/bonowski,Jatt McAhn,Jatt McAhn,23,25,,,,,Jason Dunn,Daniel Bonowski,Jeffrey Ahn,Patrick McEwen
Pool Play,Open Advanced-Contender 3.5-4.0,Group F,5,Single game,"Pump Fake ",Soju Bomb! 🍺 💣,"Pump Fake ",21,18,,,,,Dylan Rehman,Matthew Michaelis,Kennedy Nguyen,Alan Gao
Pool Play,Open Advanced-Contender 3.5-4.0,Group F,5,Single game,Tuff Terriers,Curry & Mayo,Curry & Mayo,15,21,,,,,Finn Dunne,Benjamin Colao,Kris Vikram,Jeremy Schneider
Pool Play,Open Advanced-Contender 3.5-4.0,Group F,5,Single game,Die Spikeballer,Unc & Sons Co.,Die Spikeballer,21,16,,,,,Emma Curran,Quin Houck,Brennen Cannata,Lucas Peron
Bracket Stage,Open Advanced-Contender 3.5-4.0,Bracket A,Round of 32,Single game,Big Time Rush,Tuff Terriers,Tuff Terriers,0,1,,,,,Jack Mallett,Xavier Grazado,Finn Dunne,Benjamin Colao
Bracket Stage,Open Advanced-Contender 3.5-4.0,Bracket A,Round of 32,Single game,Chiva Hermanos,Curry & Mayo,Curry & Mayo,14,21,,,,,Camilo Cruz,Edgar Cruz,Kris Vikram,Jeremy Schneider
Bracket Stage,Open Advanced-Contender 3.5-4.0,Bracket A,Round of 32,Single game,Pawling Spikeball League,Dunn/bonowski,Dunn/bonowski,17,21,,,,,Jake Harris,Seth Brightman,Jason Dunn,Daniel Bonowski
Bracket Stage,Open Advanced-Contender 3.5-4.0,Bracket A,Round of 32,Single game,Jatt McAhn,Break & Run,Break & Run,17,21,,,,,Jeffrey Ahn,Patrick McEwen,Thomas Ross,Shyam Patel
Bracket Stage,Open Advanced-Contender 3.5-4.0,Bracket A,Round of 16,Best of 3,BPD (Brian Perlson’s Disciples),Break & Run,BPD (Brian Perlson’s Disciples),21,9,21,12,,,Ryland Holdren,Henry Cheung,Thomas Ross,Shyam Patel
Bracket Stage,Open Advanced-Contender 3.5-4.0,Bracket A,Round of 16,Best of 3,Monkey shirt,Dunn/bonowski,Monkey shirt,21,15,21,15,,,Charlie Labarge,Soren Brown,Jason Dunn,Daniel Bonowski
Bracket Stage,Open Advanced-Contender 3.5-4.0,Bracket A,Round of 16,Best of 3,Fried Pork,Curry & Mayo,Fried Pork,21,18,21,12,,,Lucas Hope,Ryan Park,Kris Vikram,Jeremy Schneider
Bracket Stage,Open Advanced-Contender 3.5-4.0,Bracket A,Round of 16,Best of 3,Anyone mind if I turn off the light?,Tuff Terriers,Anyone mind if I turn off the light?,21,9,21,12,,,Ben Westphal,Bassil Chughtai,Finn Dunne,Benjamin Colao
Bracket Stage,Open Advanced-Contender 3.5-4.0,Bracket A,Round of 16,Best of 3,The Chosen 2,Skin and bones,The Chosen 2,21,19,21,12,,,Max Ofgang,Alex Ofgang,Edward Broadbent,Josh Puffenberger
Bracket Stage,Open Advanced-Contender 3.5-4.0,Bracket A,Round of 16,Best of 3,"Pump Fake ",Soju Bomb! 🍺 💣,"Pump Fake ",21,18,21,19,,,Dylan Rehman,Matthew Michaelis,Kennedy Nguyen,Alan Gao
Bracket Stage,Open Advanced-Contender 3.5-4.0,Bracket A,Round of 16,Best of 3,Paul and Michael,"Bombs Xu-way ",Paul and Michael,21,19,20,22,21,14,Michael Rascati,Paul Berrey,Edward Xu,Cole Bombard
Bracket Stage,Open Advanced-Contender 3.5-4.0,Bracket A,Round of 16,Best of 3,BT bakes,Esposo Lovers,BT bakes,16,21,21,16,21,13,Sanjay Ramcharan,Cailley Biagini,Michael Borja,ben epps
Bracket Stage,Open Advanced-Contender 3.5-4.0,Bracket A,Quarter-final,Best of 3,BPD (Brian Perlson’s Disciples),BT bakes,BPD (Brian Perlson’s Disciples),21,16,21,16,,,Ryland Holdren,Henry Cheung,Sanjay Ramcharan,Cailley Biagini
Bracket Stage,Open Advanced-Contender 3.5-4.0,Bracket A,Quarter-final,Best of 3,Monkey shirt,Paul and Michael,Monkey shirt,21,13,21,18,,,Charlie Labarge,Soren Brown,Michael Rascati,Paul Berrey
Bracket Stage,Open Advanced-Contender 3.5-4.0,Bracket A,Quarter-final,Best of 3,Fried Pork,"Pump Fake ","Pump Fake ",21,19,20,22,-1,0,Lucas Hope,Ryan Park,Dylan Rehman,Matthew Michaelis
Bracket Stage,Open Advanced-Contender 3.5-4.0,Bracket A,Quarter-final,Best of 3,Anyone mind if I turn off the light?,The Chosen 2,The Chosen 2,21,23,15,21,,,Ben Westphal,Bassil Chughtai,Max Ofgang,Alex Ofgang
Bracket Stage,Open Advanced-Contender 3.5-4.0,Bracket A,P9: Quarter-final,Single game,Esposo Lovers,Break & Run,Esposo Lovers,21,14,,,,,Michael Borja,ben epps,Thomas Ross,Shyam Patel
Bracket Stage,Open Advanced-Contender 3.5-4.0,Bracket A,P9: Quarter-final,Single game,"Bombs Xu-way ",Dunn/bonowski,"Bombs Xu-way ",21,10,,,,,Edward Xu,Cole Bombard,Jason Dunn,Daniel Bonowski
Bracket Stage,Open Advanced-Contender 3.5-4.0,Bracket A,P9: Quarter-final,Single game,Soju Bomb! 🍺 💣,Curry & Mayo,Curry & Mayo,20,22,,,,,Kennedy Nguyen,Alan Gao,Kris Vikram,Jeremy Schneider
Bracket Stage,Open Advanced-Contender 3.5-4.0,Bracket A,P9: Quarter-final,Single game,Skin and bones,Tuff Terriers,Skin and bones,26,24,,,,,Edward Broadbent,Josh Puffenberger,Finn Dunne,Benjamin Colao
Bracket Stage,Open Advanced-Contender 3.5-4.0,Bracket A,Semi-final,Best of 3,BPD (Brian Perlson’s Disciples),The Chosen 2,The Chosen 2,21,11,16,21,17,21,Ryland Holdren,Henry Cheung,Max Ofgang,Alex Ofgang
Bracket Stage,Open Advanced-Contender 3.5-4.0,Bracket A,Semi-final,Best of 3,Monkey shirt,"Pump Fake ",Monkey shirt,21,14,21,14,,,Charlie Labarge,Soren Brown,Dylan Rehman,Matthew Michaelis
Bracket Stage,Open Advanced-Contender 3.5-4.0,Bracket A,P5: Semi-final,Single game,Anyone mind if I turn off the light?,BT bakes,Anyone mind if I turn off the light?,0,-2,,,,,Ben Westphal,Bassil Chughtai,Sanjay Ramcharan,Cailley Biagini
Bracket Stage,Open Advanced-Contender 3.5-4.0,Bracket A,P5: Semi-final,Single game,Fried Pork,Paul and Michael,Paul and Michael,-2,0,,,,,Lucas Hope,Ryan Park,Michael Rascati,Paul Berrey
Bracket Stage,Open Advanced-Contender 3.5-4.0,Bracket A,P9: Semi-final,Single game,Esposo Lovers,Skin and bones,Skin and bones,19,21,,,,,Michael Borja,ben epps,Edward Broadbent,Josh Puffenberger
Bracket Stage,Open Advanced-Contender 3.5-4.0,Bracket A,P9: Semi-final,Single game,"Bombs Xu-way ",Curry & Mayo,Curry & Mayo,16,21,,,,,Edward Xu,Cole Bombard,Kris Vikram,Jeremy Schneider
Bracket Stage,Open Advanced-Contender 3.5-4.0,Bracket A,P13: Semi-final,Single game,Tuff Terriers,Break & Run,Break & Run,11,21,,,,,Finn Dunne,Benjamin Colao,Thomas Ross,Shyam Patel
Bracket Stage,Open Advanced-Contender 3.5-4.0,Bracket A,P13: Semi-final,Single game,Soju Bomb! 🍺 💣,Dunn/bonowski,Dunn/bonowski,-2,0,,,,,Kennedy Nguyen,Alan Gao,Jason Dunn,Daniel Bonowski
Bracket Stage,Open Advanced-Contender 3.5-4.0,Bracket A,P17: Semi-final,Best of 3,Jatt McAhn,Big Time Rush,Big Time Rush,16,21,-2,0,,,Jeffrey Ahn,Patrick McEwen,Jack Mallett,Xavier Grazado
Bracket Stage,Open Advanced-Contender 3.5-4.0,Bracket A,P17: Semi-final,Best of 3,Pawling Spikeball League,Chiva Hermanos,Pawling Spikeball League,0,-2,0,-2,,,Jake Harris,Seth Brightman,Camilo Cruz,Edgar Cruz
Bracket Stage,Open Advanced-Contender 3.5-4.0,Bracket A,Final,Best of 3,The Chosen 2,Monkey shirt,Monkey shirt,15,21,15,21,,,Max Ofgang,Alex Ofgang,Charlie Labarge,Soren Brown
Bracket Stage,Open Advanced-Contender 3.5-4.0,Bracket A,P3: Final,Best of 3,"Pump Fake ",BPD (Brian Perlson’s Disciples),BPD (Brian Perlson’s Disciples),15,21,13,21,,,Dylan Rehman,Matthew Michaelis,Ryland Holdren,Henry Cheung
Bracket Stage,Open Advanced-Contender 3.5-4.0,Bracket A,P5: Final,Single game,Anyone mind if I turn off the light?,Paul and Michael,Anyone mind if I turn off the light?,21,18,,,,,Ben Westphal,Bassil Chughtai,Michael Rascati,Paul Berrey
Bracket Stage,Open Advanced-Contender 3.5-4.0,Bracket A,P7: Final,Single game,Fried Pork,BT bakes,BT bakes,-1,0,,,,,Lucas Hope,Ryan Park,Sanjay Ramcharan,Cailley Biagini
Bracket Stage,Open Advanced-Contender 3.5-4.0,Bracket A,P9: Final,Single game,Skin and bones,Curry & Mayo,Skin and bones,23,21,,,,,Edward Broadbent,Josh Puffenberger,Kris Vikram,Jeremy Schneider
Bracket Stage,Open Advanced-Contender 3.5-4.0,Bracket A,P11: Final,Single game,"Bombs Xu-way ",Esposo Lovers,Esposo Lovers,15,21,,,,,Edward Xu,Cole Bombard,Michael Borja,ben epps
Bracket Stage,Open Advanced-Contender 3.5-4.0,Bracket A,P13: Final,Single game,Break & Run,Dunn/bonowski,Dunn/bonowski,-2,0,,,,,Thomas Ross,Shyam Patel,Jason Dunn,Daniel Bonowski
Bracket Stage,Open Advanced-Contender 3.5-4.0,Bracket A,P15: Final,Single game,Soju Bomb! 🍺 💣,Tuff Terriers,Soju Bomb! 🍺 💣,0,-2,,,,,Kennedy Nguyen,Alan Gao,Finn Dunne,Benjamin Colao
Bracket Stage,Open Advanced-Contender 3.5-4.0,Bracket A,P17: Final,Best of 3,Big Time Rush,Pawling Spikeball League,Big Time Rush,21,19,21,15,,,Jack Mallett,Xavier Grazado,Jake Harris,Seth Brightman
Bracket Stage,Open Advanced-Contender 3.5-4.0,Bracket A,P19: Final,Best of 3,Chiva Hermanos,Jatt McAhn,Jatt McAhn,-2,0,-2,0,,,Camilo Cruz,Edgar Cruz,Jeffrey Ahn,Patrick McEwen
Bracket Stage,Open Advanced-Contender 3.5-4.0,Bracket B,Round of 16,Best of 3,Bare Minimums,Arya/Ani,Bare Minimums,21,10,21,8,,,Alexander Zou,Yi-Fei Zhao,Arya Ramanan,Anirudh Koduganti
Bracket Stage,Open Advanced-Contender 3.5-4.0,Bracket B,Round of 16,Best of 3,Let’s run it,Winners,Let’s run it,21,12,21,9,,,Caleb Cottle,Daniel Krupp,Vineet Varghese,Ezra Lerman
Bracket Stage,Open Advanced-Contender 3.5-4.0,Bracket B,Round of 16,Best of 3,Stall Warning,Rea of Sunshine,Stall Warning,21,17,21,18,,,Tyrus Kamenitzer,Alec Mertz,Jason Rea,Kyle Ling
Bracket Stage,Open Advanced-Contender 3.5-4.0,Bracket B,Round of 16,Best of 3,LeSpike,Spikebool,Spikebool,23,21,11,21,15,21,David Stokarski,Seth Stokarski,Derek Sicko,Luka Eaton
Bracket Stage,Open Advanced-Contender 3.5-4.0,Bracket B,Round of 16,Best of 3,Die Spikeballer,The 2 Goons,The 2 Goons,17,21,19,21,,,Emma Curran,Quin Houck,Issac Hwang,Ethan Jeon
Bracket Stage,Open Advanced-Contender 3.5-4.0,Bracket B,Round of 16,Best of 3,captain beer and his first mate,Unc & Sons Co.,captain beer and his first mate,23,21,13,21,21,9,Evan Phillips,Stephen DePasquale,Brennen Cannata,Lucas Peron
Bracket Stage,Open Advanced-Contender 3.5-4.0,Bracket B,Round of 16,Best of 3,The Young’uns,Girlboss,The Young’uns,21,16,23,21,,,Boris McCoy,Ethan Bordoff,Shea Hanna,Domenic Corona
Bracket Stage,Open Advanced-Contender 3.5-4.0,Bracket B,Round of 16,Best of 3,Jersey Spikers,Receive these balls,Receive these balls,17,21,15,21,,,Ethan Davis,Gavin Swain,Will Janusz,Benigno Mckain
Bracket Stage,Open Advanced-Contender 3.5-4.0,Bracket B,Quarter-final,Best of 3,Bare Minimums,Receive these balls,Bare Minimums,21,19,21,11,,,Alexander Zou,Yi-Fei Zhao,Will Janusz,Benigno Mckain
Bracket Stage,Open Advanced-Contender 3.5-4.0,Bracket B,Quarter-final,Best of 3,Let’s run it,The Young’uns,Let’s run it,21,18,21,11,,,Caleb Cottle,Daniel Krupp,Boris McCoy,Ethan Bordoff
Bracket Stage,Open Advanced-Contender 3.5-4.0,Bracket B,Quarter-final,Best of 3,Stall Warning,captain beer and his first mate,Stall Warning,21,12,21,10,,,Tyrus Kamenitzer,Alec Mertz,Evan Phillips,Stephen DePasquale
Bracket Stage,Open Advanced-Contender 3.5-4.0,Bracket B,Quarter-final,Best of 3,Spikebool,The 2 Goons,Spikebool,21,17,21,15,,,Derek Sicko,Luka Eaton,Issac Hwang,Ethan Jeon
Bracket Stage,Open Advanced-Contender 3.5-4.0,Bracket B,P9: Quarter-final,Single game,Jersey Spikers,Arya/Ani,Jersey Spikers,0,-2,,,,,Ethan Davis,Gavin Swain,Arya Ramanan,Anirudh Koduganti
Bracket Stage,Open Advanced-Contender 3.5-4.0,Bracket B,P9: Quarter-final,Single game,Girlboss,Winners,Girlboss,21,15,,,,,Shea Hanna,Domenic Corona,Vineet Varghese,Ezra Lerman
Bracket Stage,Open Advanced-Contender 3.5-4.0,Bracket B,P9: Quarter-final,Single game,Unc & Sons Co.,Rea of Sunshine,Rea of Sunshine,20,22,,,,,Brennen Cannata,Lucas Peron,Jason Rea,Kyle Ling
Bracket Stage,Open Advanced-Contender 3.5-4.0,Bracket B,P9: Quarter-final,Single game,Die Spikeballer,LeSpike,LeSpike,-2,0,,,,,Emma Curran,Quin Houck,David Stokarski,Seth Stokarski
Bracket Stage,Open Advanced-Contender 3.5-4.0,Bracket B,Semi-final,Best of 3,Bare Minimums,Spikebool,Spikebool,17,21,19,21,,,Alexander Zou,Yi-Fei Zhao,Derek Sicko,Luka Eaton
Bracket Stage,Open Advanced-Contender 3.5-4.0,Bracket B,Semi-final,Best of 3,Let’s run it,Stall Warning,Let’s run it,21,17,10,21,21,17,Caleb Cottle,Daniel Krupp,Tyrus Kamenitzer,Alec Mertz
Bracket Stage,Open Advanced-Contender 3.5-4.0,Bracket B,P5: Semi-final,Single game,The 2 Goons,Receive these balls,The 2 Goons,21,14,,,,,Issac Hwang,Ethan Jeon,Will Janusz,Benigno Mckain
Bracket Stage,Open Advanced-Contender 3.5-4.0,Bracket B,P5: Semi-final,Single game,captain beer and his first mate,The Young’uns,The Young’uns,17,21,,,,,Evan Phillips,Stephen DePasquale,Boris McCoy,Ethan Bordoff
Bracket Stage,Open Advanced-Contender 3.5-4.0,Bracket B,P9: Semi-final,Single game,Jersey Spikers,LeSpike,Jersey Spikers,21,13,,,,,Ethan Davis,Gavin Swain,David Stokarski,Seth Stokarski
Bracket Stage,Open Advanced-Contender 3.5-4.0,Bracket B,P9: Semi-final,Single game,Girlboss,Rea of Sunshine,Rea of Sunshine,11,21,,,,,Shea Hanna,Domenic Corona,Jason Rea,Kyle Ling
Bracket Stage,Open Advanced-Contender 3.5-4.0,Bracket B,P13: Semi-final,Single game,Die Spikeballer,Arya/Ani,Die Spikeballer,0,-2,,,,,Emma Curran,Quin Houck,Arya Ramanan,Anirudh Koduganti
Bracket Stage,Open Advanced-Contender 3.5-4.0,Bracket B,P13: Semi-final,Single game,Unc & Sons Co.,Winners,Unc & Sons Co.,0,-2,,,,,Brennen Cannata,Lucas Peron,Vineet Varghese,Ezra Lerman
Bracket Stage,Open Advanced-Contender 3.5-4.0,Bracket B,Final,Best of 3,Spikebool,Let’s run it,Spikebool,21,19,21,19,,,Derek Sicko,Luka Eaton,Caleb Cottle,Daniel Krupp
Bracket Stage,Open Advanced-Contender 3.5-4.0,Bracket B,P3: Final,Best of 3,Stall Warning,Bare Minimums,Bare Minimums,18,21,-1,0,-1,0,Tyrus Kamenitzer,Alec Mertz,Alexander Zou,Yi-Fei Zhao
Bracket Stage,Open Advanced-Contender 3.5-4.0,Bracket B,P5: Final,Single game,The 2 Goons,The Young’uns,The 2 Goons,21,17,,,,,Issac Hwang,Ethan Jeon,Boris McCoy,Ethan Bordoff
Bracket Stage,Open Advanced-Contender 3.5-4.0,Bracket B,P7: Final,Single game,captain beer and his first mate,Receive these balls,captain beer and his first mate,0,-2,,,,,Evan Phillips,Stephen DePasquale,Will Janusz,Benigno Mckain
Bracket Stage,Open Advanced-Contender 3.5-4.0,Bracket B,P9: Final,Single game,Jersey Spikers,Rea of Sunshine,Jersey Spikers,21,6,,,,,Ethan Davis,Gavin Swain,Jason Rea,Kyle Ling
Bracket Stage,Open Advanced-Contender 3.5-4.0,Bracket B,P11: Final,Single game,Girlboss,LeSpike,,0,0,,,,,Shea Hanna,Domenic Corona,David Stokarski,Seth Stokarski
Bracket Stage,Open Advanced-Contender 3.5-4.0,Bracket B,P13: Final,Single game,Die Spikeballer,Unc & Sons Co.,Die Spikeballer,21,16,,,,,Emma Curran,Quin Houck,Brennen Cannata,Lucas Peron
Bracket Stage,Open Advanced-Contender 3.5-4.0,Bracket B,P15: Final,Single game,Winners,Arya/Ani,Winners,0,-2,,,,,Vineet Varghese,Ezra Lerman,Arya Ramanan,Anirudh Koduganti
Pool Play,Open Beginner-Intermediate 2.0-3.0,Group A,1,Single game,Knight Anne Day,Spike 101,Spike 101,5,21,,,,,Sam Baker,emily stewart,Brian Kellogg,Zoey Kellogg
Pool Play,Open Beginner-Intermediate 2.0-3.0,Group A,1,Single game,Capy Verde,Folk Valley,Folk Valley,11,21,,,,,Dean Canfield,Ethan Macedo,Alex Rankov,Dev Shah
Pool Play,Open Beginner-Intermediate 2.0-3.0,Group A,1,Single game,Cole and Ryan,Amonkaly,Cole and Ryan,21,9,,,,,Ryan Colling,Cole Goodnow,Kevin Feng,Eric Xuan
Pool Play,Open Beginner-Intermediate 2.0-3.0,Group A,2,Single game,Knight Anne Day,Folk Valley,Folk Valley,15,21,,,,,Sam Baker,emily stewart,Alex Rankov,Dev Shah
Pool Play,Open Beginner-Intermediate 2.0-3.0,Group A,2,Single game,Capy Verde,megalodons,megalodons,15,21,,,,,Dean Canfield,Ethan Macedo,Joshua Adler,David Larbi
Pool Play,Open Beginner-Intermediate 2.0-3.0,Group A,2,Single game,Amonkaly,Spike 101,Spike 101,4,21,,,,,Kevin Feng,Eric Xuan,Brian Kellogg,Zoey Kellogg
Pool Play,Open Beginner-Intermediate 2.0-3.0,Group A,3,Single game,Knight Anne Day,Amonkaly,Knight Anne Day,21,10,,,,,Sam Baker,emily stewart,Kevin Feng,Eric Xuan
Pool Play,Open Beginner-Intermediate 2.0-3.0,Group A,3,Single game,Capy Verde,Cole and Ryan,Capy Verde,21,15,,,,,Dean Canfield,Ethan Macedo,Ryan Colling,Cole Goodnow
Pool Play,Open Beginner-Intermediate 2.0-3.0,Group A,3,Single game,megalodons,Folk Valley,megalodons,21,17,,,,,Joshua Adler,David Larbi,Alex Rankov,Dev Shah
Pool Play,Open Beginner-Intermediate 2.0-3.0,Group A,4,Single game,Knight Anne Day,megalodons,megalodons,9,21,,,,,Sam Baker,emily stewart,Joshua Adler,David Larbi
Pool Play,Open Beginner-Intermediate 2.0-3.0,Group A,4,Single game,Capy Verde,Spike 101,Capy Verde,25,23,,,,,Dean Canfield,Ethan Macedo,Brian Kellogg,Zoey Kellogg
Pool Play,Open Beginner-Intermediate 2.0-3.0,Group A,4,Single game,Cole and Ryan,Folk Valley,Folk Valley,15,21,,,,,Ryan Colling,Cole Goodnow,Alex Rankov,Dev Shah
Pool Play,Open Beginner-Intermediate 2.0-3.0,Group A,5,Single game,Capy Verde,Amonkaly,Capy Verde,21,9,,,,,Dean Canfield,Ethan Macedo,Kevin Feng,Eric Xuan
Pool Play,Open Beginner-Intermediate 2.0-3.0,Group A,5,Single game,Cole and Ryan,megalodons,megalodons,10,21,,,,,Ryan Colling,Cole Goodnow,Joshua Adler,David Larbi
Pool Play,Open Beginner-Intermediate 2.0-3.0,Group A,5,Single game,Folk Valley,Spike 101,Folk Valley,21,16,,,,,Alex Rankov,Dev Shah,Brian Kellogg,Zoey Kellogg
Pool Play,Open Beginner-Intermediate 2.0-3.0,Group A,6,Single game,Knight Anne Day,Cole and Ryan,Knight Anne Day,21,17,,,,,Sam Baker,emily stewart,Ryan Colling,Cole Goodnow
Pool Play,Open Beginner-Intermediate 2.0-3.0,Group A,6,Single game,megalodons,Spike 101,Spike 101,19,21,,,,,Joshua Adler,David Larbi,Brian Kellogg,Zoey Kellogg
Pool Play,Open Beginner-Intermediate 2.0-3.0,Group A,6,Single game,Amonkaly,Folk Valley,Folk Valley,10,21,,,,,Kevin Feng,Eric Xuan,Alex Rankov,Dev Shah
Pool Play,Open Beginner-Intermediate 2.0-3.0,Group A,7,Single game,Knight Anne Day,Capy Verde,Capy Verde,18,21,,,,,Sam Baker,emily stewart,Dean Canfield,Ethan Macedo
Pool Play,Open Beginner-Intermediate 2.0-3.0,Group A,7,Single game,Cole and Ryan,Spike 101,Spike 101,9,21,,,,,Ryan Colling,Cole Goodnow,Brian Kellogg,Zoey Kellogg
Pool Play,Open Beginner-Intermediate 2.0-3.0,Group A,7,Single game,megalodons,Amonkaly,megalodons,21,8,,,,,Joshua Adler,David Larbi,Kevin Feng,Eric Xuan
Bracket Stage,Open Beginner-Intermediate 2.0-3.0,Bracket A,Quarter-final,Best of 3,Folk Valley,Amonkaly,Folk Valley,0,-1,0,-1,,,Alex Rankov,Dev Shah,Kevin Feng,Eric Xuan
Bracket Stage,Open Beginner-Intermediate 2.0-3.0,Bracket A,Quarter-final,Best of 3,Spike 101,Cole and Ryan,Spike 101,21,17,21,16,,,Brian Kellogg,Zoey Kellogg,Ryan Colling,Cole Goodnow
Bracket Stage,Open Beginner-Intermediate 2.0-3.0,Bracket A,Quarter-final,Best of 3,Capy Verde,Knight Anne Day,Capy Verde,3,21,25,24,21,0,Dean Canfield,Ethan Macedo,Sam Baker,emily stewart
Bracket Stage,Open Beginner-Intermediate 2.0-3.0,Bracket A,Semi-final,Best of 3,megalodons,Capy Verde,megalodons,25,24,24,22,,,Joshua Adler,David Larbi,Dean Canfield,Ethan Macedo
Bracket Stage,Open Beginner-Intermediate 2.0-3.0,Bracket A,Semi-final,Best of 3,Folk Valley,Spike 101,Spike 101,-1,0,-1,0,,,Alex Rankov,Dev Shah,Brian Kellogg,Zoey Kellogg
Bracket Stage,Open Beginner-Intermediate 2.0-3.0,Bracket A,P5: Semi-final,Best of 3,Cole and Ryan,Amonkaly,Cole and Ryan,0,-2,0,-2,,,Ryan Colling,Cole Goodnow,Kevin Feng,Eric Xuan
Bracket Stage,Open Beginner-Intermediate 2.0-3.0,Bracket A,Final,Best of 3,megalodons,Spike 101,megalodons,21,17,21,19,,,Joshua Adler,David Larbi,Brian Kellogg,Zoey Kellogg
Bracket Stage,Open Beginner-Intermediate 2.0-3.0,Bracket A,P3: Final,Best of 3,Folk Valley,Capy Verde,Capy Verde,-1,0,-1,0,,,Alex Rankov,Dev Shah,Dean Canfield,Ethan Macedo
Bracket Stage,Open Beginner-Intermediate 2.0-3.0,Bracket A,P5: Final,Best of 3,Knight Anne Day,Cole and Ryan,Knight Anne Day,0,-2,0,-2,,,Sam Baker,emily stewart,Ryan Colling,Cole Goodnow